CREATE DATABASE  IF NOT EXISTS `chileagro_test` /*!40100 DEFAULT CHARACTER SET latin1 */;
USE `chileagro_test`;
-- MySQL dump 10.13  Distrib 5.5.37, for debian-linux-gnu (i686)
--
-- Host: fundacion.c38gtktuy1vw.us-east-1.rds.amazonaws.com    Database: chileagro
-- ------------------------------------------------------
-- Server version	5.6.17-log

/*!40101 SET @OLD_CHARACTER_SET_CLIENT=@@CHARACTER_SET_CLIENT */;
/*!40101 SET @OLD_CHARACTER_SET_RESULTS=@@CHARACTER_SET_RESULTS */;
/*!40101 SET @OLD_COLLATION_CONNECTION=@@COLLATION_CONNECTION */;
/*!40101 SET NAMES utf8 */;
/*!40103 SET @OLD_TIME_ZONE=@@TIME_ZONE */;
/*!40103 SET TIME_ZONE='+00:00' */;
/*!40014 SET @OLD_UNIQUE_CHECKS=@@UNIQUE_CHECKS, UNIQUE_CHECKS=0 */;
/*!40014 SET @OLD_FOREIGN_KEY_CHECKS=@@FOREIGN_KEY_CHECKS, FOREIGN_KEY_CHECKS=0 */;
/*!40101 SET @OLD_SQL_MODE=@@SQL_MODE, SQL_MODE='NO_AUTO_VALUE_ON_ZERO' */;
/*!40111 SET @OLD_SQL_NOTES=@@SQL_NOTES, SQL_NOTES=0 */;

--
-- Table structure for table `users`
--

DROP TABLE IF EXISTS `users`;
/*!40101 SET @saved_cs_client     = @@character_set_client */;
/*!40101 SET character_set_client = utf8 */;
CREATE TABLE `users` (
  `id` int(10) unsigned NOT NULL AUTO_INCREMENT,
  `email` varchar(255) COLLATE utf8_unicode_ci NOT NULL,
  `name` varchar(255) COLLATE utf8_unicode_ci NOT NULL,
  `last_name` varchar(255) COLLATE utf8_unicode_ci NOT NULL,
  `password` varchar(60) COLLATE utf8_unicode_ci NOT NULL,
  `provider_id` int(11) NOT NULL,
  `company_id` int(11) NOT NULL,
  `role_id` int(11) NOT NULL,
  `remember_token` varchar(255) COLLATE utf8_unicode_ci DEFAULT NULL,
  `created_at` timestamp NOT NULL DEFAULT '0000-00-00 00:00:00',
  `updated_at` timestamp NOT NULL DEFAULT '0000-00-00 00:00:00',
  PRIMARY KEY (`id`),
  UNIQUE KEY `users_email_unique` (`email`)
) ENGINE=InnoDB AUTO_INCREMENT=4 DEFAULT CHARSET=utf8 COLLATE=utf8_unicode_ci;
/*!40101 SET character_set_client = @saved_cs_client */;

--
-- Dumping data for table `users`
--

LOCK TABLES `users` WRITE;
/*!40000 ALTER TABLE `users` DISABLE KEYS */;
INSERT INTO `users` VALUES (1,'cabrerabywaters@gmail.com','Ignacio','Cabrera','$2y$10$NI9Zg9ATaXwjl2LqngqUBusmzpWPCyL6RNHXOlXVbg0UkyfIWOrqC',0,0,1,NULL,'2014-09-19 05:44:42','2014-09-19 05:44:42'),(2,'admin@company.com','Ignacio','Cabrera','$2y$10$DjrfiPAJSWN3FGASU4afWegLS35a/UOldCBbMWUxobX3VyCIqtG1u',0,1,0,NULL,'2014-09-19 05:44:42','2014-09-19 05:44:42'),(3,'admin@provider.com','Ignacio','Cabrera','$2y$10$MPZ1jGKJbUQB1J/c/jTVkO.pp5tOvi7U7DZMutUh5bARrWkSuymOe',1,0,0,NULL,'2014-09-19 05:44:42','2014-09-19 05:44:42');
/*!40000 ALTER TABLE `users` ENABLE KEYS */;
UNLOCK TABLES;

--
-- Table structure for table `roles`
--

DROP TABLE IF EXISTS `roles`;
/*!40101 SET @saved_cs_client     = @@character_set_client */;
/*!40101 SET character_set_client = utf8 */;
CREATE TABLE `roles` (
  `id` int(10) unsigned NOT NULL AUTO_INCREMENT,
  `name` varchar(255) COLLATE utf8_unicode_ci NOT NULL,
  `created_at` timestamp NOT NULL DEFAULT '0000-00-00 00:00:00',
  `updated_at` timestamp NOT NULL DEFAULT '0000-00-00 00:00:00',
  PRIMARY KEY (`id`)
) ENGINE=InnoDB AUTO_INCREMENT=2 DEFAULT CHARSET=utf8 COLLATE=utf8_unicode_ci;
/*!40101 SET character_set_client = @saved_cs_client */;

--
-- Dumping data for table `roles`
--

LOCK TABLES `roles` WRITE;
/*!40000 ALTER TABLE `roles` DISABLE KEYS */;
INSERT INTO `roles` VALUES (1,'Admin','2014-09-19 05:44:42','2014-09-19 05:44:42');
/*!40000 ALTER TABLE `roles` ENABLE KEYS */;
UNLOCK TABLES;

--
-- Table structure for table `providers`
--

DROP TABLE IF EXISTS `providers`;
/*!40101 SET @saved_cs_client     = @@character_set_client */;
/*!40101 SET character_set_client = utf8 */;
CREATE TABLE `providers` (
  `id` int(10) unsigned NOT NULL AUTO_INCREMENT,
  `rut` varchar(255) COLLATE utf8_unicode_ci NOT NULL,
  `adress` varchar(255) COLLATE utf8_unicode_ci NOT NULL,
  `city` varchar(255) COLLATE utf8_unicode_ci NOT NULL,
  `location` varchar(255) COLLATE utf8_unicode_ci NOT NULL,
  `phone_number` varchar(255) COLLATE utf8_unicode_ci NOT NULL,
  `cellphone_number` varchar(255) COLLATE utf8_unicode_ci NOT NULL,
  `supply_region` varchar(255) COLLATE utf8_unicode_ci NOT NULL,
  `fancy_name` varchar(255) COLLATE utf8_unicode_ci NOT NULL,
  `description` text COLLATE utf8_unicode_ci NOT NULL,
  `pyme` tinyint(1) NOT NULL,
  `payment_term` int(11) NOT NULL,
  `payment_currency` varchar(255) COLLATE utf8_unicode_ci NOT NULL,
  `bank_name` varchar(255) COLLATE utf8_unicode_ci NOT NULL,
  `bank_account_number` varchar(255) COLLATE utf8_unicode_ci NOT NULL,
  `created_at` timestamp NOT NULL DEFAULT '0000-00-00 00:00:00',
  `updated_at` timestamp NOT NULL DEFAULT '0000-00-00 00:00:00',
  PRIMARY KEY (`id`),
  UNIQUE KEY `providers_rut_unique` (`rut`)
) ENGINE=InnoDB AUTO_INCREMENT=2 DEFAULT CHARSET=utf8 COLLATE=utf8_unicode_ci;
/*!40101 SET character_set_client = @saved_cs_client */;

--
-- Dumping data for table `providers`
--

LOCK TABLES `providers` WRITE;
/*!40000 ALTER TABLE `providers` DISABLE KEYS */;
INSERT INTO `providers` VALUES (1,'78.238.140-7','America 549','Santiago','San Miguel','5544525','09-93254385','Regi贸n Metropolitana','Copol Limitada','Comercializado de Polietileno Copol Limitada',1,0,'','','','2014-09-19 05:44:42','2014-09-19 05:44:42');
/*!40000 ALTER TABLE `providers` ENABLE KEYS */;
UNLOCK TABLES;

--
-- Table structure for table `companies`
--

DROP TABLE IF EXISTS `companies`;
/*!40101 SET @saved_cs_client     = @@character_set_client */;
/*!40101 SET character_set_client = utf8 */;
CREATE TABLE `companies` (
  `id` int(10) unsigned NOT NULL AUTO_INCREMENT,
  `rut` varchar(255) COLLATE utf8_unicode_ci NOT NULL,
  `adress` varchar(255) COLLATE utf8_unicode_ci NOT NULL,
  `city` varchar(255) COLLATE utf8_unicode_ci NOT NULL,
  `location` varchar(255) COLLATE utf8_unicode_ci NOT NULL,
  `phone_number` varchar(255) COLLATE utf8_unicode_ci NOT NULL,
  `fancy_name` varchar(255) COLLATE utf8_unicode_ci NOT NULL,
  `description` varchar(255) COLLATE utf8_unicode_ci NOT NULL,
  `created_at` timestamp NOT NULL DEFAULT '0000-00-00 00:00:00',
  `updated_at` timestamp NOT NULL DEFAULT '0000-00-00 00:00:00',
  PRIMARY KEY (`id`),
  UNIQUE KEY `companies_rut_unique` (`rut`)
) ENGINE=InnoDB AUTO_INCREMENT=2 DEFAULT CHARSET=utf8 COLLATE=utf8_unicode_ci;
/*!40101 SET character_set_client = @saved_cs_client */;

--
-- Dumping data for table `companies`
--

LOCK TABLES `companies` WRITE;
/*!40000 ALTER TABLE `companies` DISABLE KEYS */;
INSERT INTO `companies` VALUES (1,'9-1','Direcci贸n','Santiago','San Miguel','5544525','Jumbo','Comercializado de Productos Jumbo','2014-09-19 05:44:42','2014-09-19 05:44:42');
/*!40000 ALTER TABLE `companies` ENABLE KEYS */;
UNLOCK TABLES;

--
-- Table structure for table `migrations`
--

DROP TABLE IF EXISTS `migrations`;
/*!40101 SET @saved_cs_client     = @@character_set_client */;
/*!40101 SET character_set_client = utf8 */;
CREATE TABLE `migrations` (
  `migration` varchar(255) COLLATE utf8_unicode_ci NOT NULL,
  `batch` int(11) NOT NULL
) ENGINE=InnoDB DEFAULT CHARSET=utf8 COLLATE=utf8_unicode_ci;
/*!40101 SET character_set_client = @saved_cs_client */;

--
-- Dumping data for table `migrations`
--

LOCK TABLES `migrations` WRITE;
/*!40000 ALTER TABLE `migrations` DISABLE KEYS */;
INSERT INTO `migrations` VALUES ('2014_05_22_010756_create_products_table',1),('2014_05_22_010912_create_users_table',1),('2014_05_22_010924_create_companies_table',1),('2014_05_22_010945_create_company_product_table',1),('2014_05_26_013702_create_providers_table',1),('2014_05_26_211543_create_product_provider_table',1),('2014_05_26_212543_create_categories_table',1),('2014_05_26_213003_create_category_product_table',1),('2014_06_10_235803_create_roles_table',1),('2014_06_18_013910_create_orders_table',1),('2014_07_27_002927_create_offers_table',1);
/*!40000 ALTER TABLE `migrations` ENABLE KEYS */;
UNLOCK TABLES;

--
-- Table structure for table `company_product`
--

DROP TABLE IF EXISTS `company_product`;
/*!40101 SET @saved_cs_client     = @@character_set_client */;
/*!40101 SET character_set_client = utf8 */;
CREATE TABLE `company_product` (
  `id` int(10) unsigned NOT NULL AUTO_INCREMENT,
  `company_id` int(10) unsigned NOT NULL,
  `product_id` int(10) unsigned NOT NULL,
  `created_at` timestamp NOT NULL DEFAULT '0000-00-00 00:00:00',
  `updated_at` timestamp NOT NULL DEFAULT '0000-00-00 00:00:00',
  PRIMARY KEY (`id`),
  KEY `company_product_company_id_index` (`company_id`),
  KEY `company_product_product_id_index` (`product_id`),
  CONSTRAINT `company_product_product_id_foreign` FOREIGN KEY (`product_id`) REFERENCES `products` (`id`) ON DELETE CASCADE,
  CONSTRAINT `company_product_company_id_foreign` FOREIGN KEY (`company_id`) REFERENCES `companies` (`id`) ON DELETE CASCADE
) ENGINE=InnoDB AUTO_INCREMENT=3 DEFAULT CHARSET=utf8 COLLATE=utf8_unicode_ci;
/*!40101 SET character_set_client = @saved_cs_client */;

--
-- Dumping data for table `company_product`
--

LOCK TABLES `company_product` WRITE;
/*!40000 ALTER TABLE `company_product` DISABLE KEYS */;
INSERT INTO `company_product` VALUES (1,1,1,'0000-00-00 00:00:00','0000-00-00 00:00:00'),(2,1,2,'0000-00-00 00:00:00','0000-00-00 00:00:00');
/*!40000 ALTER TABLE `company_product` ENABLE KEYS */;
UNLOCK TABLES;

--
-- Table structure for table `offers`
--

DROP TABLE IF EXISTS `offers`;
/*!40101 SET @saved_cs_client     = @@character_set_client */;
/*!40101 SET character_set_client = utf8 */;
CREATE TABLE `offers` (
  `id` int(10) unsigned NOT NULL AUTO_INCREMENT,
  `provider_id` int(11) NOT NULL,
  `order_id` int(11) NOT NULL,
  `date` varchar(255) COLLATE utf8_unicode_ci NOT NULL,
  `amount` varchar(255) COLLATE utf8_unicode_ci NOT NULL,
  `price` varchar(255) COLLATE utf8_unicode_ci NOT NULL,
  `state` varchar(255) COLLATE utf8_unicode_ci NOT NULL,
  `created_at` timestamp NOT NULL DEFAULT '0000-00-00 00:00:00',
  `updated_at` timestamp NOT NULL DEFAULT '0000-00-00 00:00:00',
  PRIMARY KEY (`id`)
) ENGINE=InnoDB DEFAULT CHARSET=utf8 COLLATE=utf8_unicode_ci;
/*!40101 SET character_set_client = @saved_cs_client */;

--
-- Dumping data for table `offers`
--

LOCK TABLES `offers` WRITE;
/*!40000 ALTER TABLE `offers` DISABLE KEYS */;
/*!40000 ALTER TABLE `offers` ENABLE KEYS */;
UNLOCK TABLES;

--
-- Table structure for table `category_product`
--

DROP TABLE IF EXISTS `category_product`;
/*!40101 SET @saved_cs_client     = @@character_set_client */;
/*!40101 SET character_set_client = utf8 */;
CREATE TABLE `category_product` (
  `id` int(10) unsigned NOT NULL AUTO_INCREMENT,
  `category_id` int(10) unsigned NOT NULL,
  `product_id` int(10) unsigned NOT NULL,
  `created_at` timestamp NOT NULL DEFAULT '0000-00-00 00:00:00',
  `updated_at` timestamp NOT NULL DEFAULT '0000-00-00 00:00:00',
  PRIMARY KEY (`id`),
  KEY `category_product_category_id_index` (`category_id`),
  KEY `category_product_product_id_index` (`product_id`),
  CONSTRAINT `category_product_product_id_foreign` FOREIGN KEY (`product_id`) REFERENCES `products` (`id`) ON DELETE CASCADE,
  CONSTRAINT `category_product_category_id_foreign` FOREIGN KEY (`category_id`) REFERENCES `categories` (`id`) ON DELETE CASCADE
) ENGINE=InnoDB AUTO_INCREMENT=2 DEFAULT CHARSET=utf8 COLLATE=utf8_unicode_ci;
/*!40101 SET character_set_client = @saved_cs_client */;

--
-- Dumping data for table `category_product`
--

LOCK TABLES `category_product` WRITE;
/*!40000 ALTER TABLE `category_product` DISABLE KEYS */;
INSERT INTO `category_product` VALUES (1,1,1,'0000-00-00 00:00:00','0000-00-00 00:00:00');
/*!40000 ALTER TABLE `category_product` ENABLE KEYS */;
UNLOCK TABLES;

--
-- Table structure for table `products`
--

DROP TABLE IF EXISTS `products`;
/*!40101 SET @saved_cs_client     = @@character_set_client */;
/*!40101 SET character_set_client = utf8 */;
CREATE TABLE `products` (
  `id` int(10) unsigned NOT NULL AUTO_INCREMENT,
  `name` varchar(255) COLLATE utf8_unicode_ci NOT NULL,
  `description` text COLLATE utf8_unicode_ci NOT NULL,
  `img_url` text COLLATE utf8_unicode_ci NOT NULL,
  `rz320_img_url` text COLLATE utf8_unicode_ci NOT NULL,
  `rzTn_img_url` text COLLATE utf8_unicode_ci NOT NULL,
  `created_at` timestamp NOT NULL DEFAULT '0000-00-00 00:00:00',
  `updated_at` timestamp NOT NULL DEFAULT '0000-00-00 00:00:00',
  PRIMARY KEY (`id`),
  UNIQUE KEY `products_name_unique` (`name`)
) ENGINE=InnoDB AUTO_INCREMENT=3 DEFAULT CHARSET=utf8 COLLATE=utf8_unicode_ci;
/*!40101 SET character_set_client = @saved_cs_client */;

--
-- Dumping data for table `products`
--

LOCK TABLES `products` WRITE;
/*!40000 ALTER TABLE `products` DISABLE KEYS */;
INSERT INTO `products` VALUES (1,'Lim贸n Granel','Lim贸n Granel','1410107897-original-limon.png','1410107897-320-limon.png','1410107897-Tn-limon.png','2014-09-19 05:44:42','2014-09-19 05:44:42'),(2,'Naranja Granel','Naranja Granel','1410228671-original-naranja.png','1410228671-320-naranja.png','1410228671-Tn-naranja.png','2014-09-19 05:44:42','2014-09-19 05:44:42');
/*!40000 ALTER TABLE `products` ENABLE KEYS */;
UNLOCK TABLES;

--
-- Table structure for table `orders`
--

DROP TABLE IF EXISTS `orders`;
/*!40101 SET @saved_cs_client     = @@character_set_client */;
/*!40101 SET character_set_client = utf8 */;
CREATE TABLE `orders` (
  `id` int(10) unsigned NOT NULL AUTO_INCREMENT,
  `company_id` int(11) NOT NULL,
  `product_id` int(11) NOT NULL,
  `start_date` varchar(255) COLLATE utf8_unicode_ci NOT NULL,
  `end_date` varchar(255) COLLATE utf8_unicode_ci NOT NULL,
  `week_number` varchar(255) COLLATE utf8_unicode_ci NOT NULL,
  `amount` varchar(255) COLLATE utf8_unicode_ci NOT NULL,
  `max_amount` varchar(255) COLLATE utf8_unicode_ci NOT NULL,
  `max_amount_daily` varchar(255) COLLATE utf8_unicode_ci NOT NULL,
  `min_amount` varchar(255) COLLATE utf8_unicode_ci NOT NULL,
  `price` varchar(255) COLLATE utf8_unicode_ci NOT NULL,
  `period` int(11) NOT NULL,
  `confirmed` tinyint(1) NOT NULL,
  `created_at` timestamp NOT NULL DEFAULT '0000-00-00 00:00:00',
  `updated_at` timestamp NOT NULL DEFAULT '0000-00-00 00:00:00',
  PRIMARY KEY (`id`)
) ENGINE=InnoDB AUTO_INCREMENT=7 DEFAULT CHARSET=utf8 COLLATE=utf8_unicode_ci;
/*!40101 SET character_set_client = @saved_cs_client */;

--
-- Dumping data for table `orders`
--

LOCK TABLES `orders` WRITE;
/*!40000 ALTER TABLE `orders` DISABLE KEYS */;
INSERT INTO `orders` VALUES (1,1,1,'2014-06-02','2014-06-02','39','10','1000','100','900','30000',2,0,'2014-09-19 05:44:42','2014-09-19 05:44:42'),(2,1,1,'2014-07-04','2014-07-04','39','20','1000','100','900','30000',2,0,'2014-09-19 05:44:42','2014-09-19 05:44:42'),(3,1,2,'2014-09-04','2014-09-04','42','70','1000','100','900','30000',2,0,'2014-09-19 05:44:42','2014-09-19 05:44:42'),(4,1,2,'2014-09-04','2014-09-04','44','30','1000','100','900','30000',2,0,'2014-09-19 05:44:42','2014-09-19 05:44:42'),(5,1,2,'2014-09-04','2014-09-04','43','9','1000','100','900','30000',2,0,'2014-09-19 05:44:42','2014-09-19 05:44:42'),(6,1,1,'2014-09-04','2014-09-04','43','9','1000','100','900','30000',2,0,'2014-09-19 05:44:42','2014-09-19 05:44:42');
/*!40000 ALTER TABLE `orders` ENABLE KEYS */;
UNLOCK TABLES;

--
-- Table structure for table `categories`
--

DROP TABLE IF EXISTS `categories`;
/*!40101 SET @saved_cs_client     = @@character_set_client */;
/*!40101 SET character_set_client = utf8 */;
CREATE TABLE `categories` (
  `id` int(10) unsigned NOT NULL AUTO_INCREMENT,
  `name` varchar(255) COLLATE utf8_unicode_ci NOT NULL,
  `img` varchar(255) COLLATE utf8_unicode_ci NOT NULL,
  `created_at` timestamp NOT NULL DEFAULT '0000-00-00 00:00:00',
  `updated_at` timestamp NOT NULL DEFAULT '0000-00-00 00:00:00',
  PRIMARY KEY (`id`),
  UNIQUE KEY `categories_name_unique` (`name`)
) ENGINE=InnoDB AUTO_INCREMENT=2 DEFAULT CHARSET=utf8 COLLATE=utf8_unicode_ci;
/*!40101 SET character_set_client = @saved_cs_client */;

--
-- Dumping data for table `categories`
--

LOCK TABLES `categories` WRITE;
/*!40000 ALTER TABLE `categories` DISABLE KEYS */;
INSERT INTO `categories` VALUES (1,'Frutas','frutas.png','2014-09-19 05:44:42','2014-09-19 05:44:42');
/*!40000 ALTER TABLE `categories` ENABLE KEYS */;
UNLOCK TABLES;

--
-- Table structure for table `product_provider`
--

DROP TABLE IF EXISTS `product_provider`;
/*!40101 SET @saved_cs_client     = @@character_set_client */;
/*!40101 SET character_set_client = utf8 */;
CREATE TABLE `product_provider` (
  `id` int(10) unsigned NOT NULL AUTO_INCREMENT,
  `product_id` int(10) unsigned NOT NULL,
  `provider_id` int(10) unsigned NOT NULL,
  `amount` varchar(255) COLLATE utf8_unicode_ci NOT NULL,
  `created_at` timestamp NOT NULL DEFAULT '0000-00-00 00:00:00',
  `updated_at` timestamp NOT NULL DEFAULT '0000-00-00 00:00:00',
  PRIMARY KEY (`id`),
  KEY `product_provider_product_id_index` (`product_id`),
  KEY `product_provider_provider_id_index` (`provider_id`),
  CONSTRAINT `product_provider_provider_id_foreign` FOREIGN KEY (`provider_id`) REFERENCES `providers` (`id`) ON DELETE CASCADE,
  CONSTRAINT `product_provider_product_id_foreign` FOREIGN KEY (`product_id`) REFERENCES `products` (`id`) ON DELETE CASCADE
) ENGINE=InnoDB AUTO_INCREMENT=3 DEFAULT CHARSET=utf8 COLLATE=utf8_unicode_ci;
/*!40101 SET character_set_client = @saved_cs_client */;

--
-- Dumping data for table `product_provider`
--

LOCK TABLES `product_provider` WRITE;
/*!40000 ALTER TABLE `product_provider` DISABLE KEYS */;
INSERT INTO `product_provider` VALUES (1,1,1,'','0000-00-00 00:00:00','0000-00-00 00:00:00'),(2,2,1,'','0000-00-00 00:00:00','0000-00-00 00:00:00');
/*!40000 ALTER TABLE `product_provider` ENABLE KEYS */;
UNLOCK TABLES;
/*!40103 SET TIME_ZONE=@OLD_TIME_ZONE */;

/*!40101 SET SQL_MODE=@OLD_SQL_MODE */;
/*!40014 SET FOREIGN_KEY_CHECKS=@OLD_FOREIGN_KEY_CHECKS */;
/*!40014 SET UNIQUE_CHECKS=@OLD_UNIQUE_CHECKS */;
/*!40101 SET CHARACTER_SET_CLIENT=@OLD_CHARACTER_SET_CLIENT */;
/*!40101 SET CHARACTER_SET_RESULTS=@OLD_CHARACTER_SET_RESULTS */;
/*!40101 SET COLLATION_CONNECTION=@OLD_COLLATION_CONNECTION */;
/*!40111 SET SQL_NOTES=@OLD_SQL_NOTES */;

-- Dump completed on 2014-09-19  2:45:44
